23/12/2023|23/12/2023
11:34
6|11:34|6
008386
6|008386|6
986,16
R|986,16|R
094953
R|094953|R
004953
R|004953|R
001,04
B|001,04|B
kvarh
001202
6|kvarh|001202|6
varh
021Z00
6|varh|021Z00|6
210022132
م|210022132|م
With foarh ABE|With|foarh|ABE
HV kvarh
AGE|HV|kvarh|AGE
23/12/2023
6|23/12/2023|6
11:35
산|11:35|산
998386
R|998386|R
006, 16
R|006|,|16|R
004953
R|004953|R
984953
R|984953|R
HRV
001,04
6|HRV|001,04|6
kvarh
001202
6|kvarh|001202|6
9
021Z00
kvarh|9|021Z00|kvarh
ZEIZZOOTZ|ZEIZZOOTZ
With four ATE|With|four|ATE
ARE|ARE
23/12/2023
R|23/12/2023|R
ت
HTT|ت|HTT
008386
6|008386|6
906,16|906,16
004953
6|004953|6
994953
A|994953|A
001,04
S|001,04|S
001202
6|001202|6
Ivarh
021Z00
6|Ivarh|021Z00|6
ZEIZZOOTZ|ZEIZZOOTZ
With ABE|With|ABE
Hihah ABR|Hihah|ABR
23/12/2023
6|23/12/2023|6
11:37
A|11:37|A
008386
6|008386|6
906,16
R|906,16|R
984953
R|984953|R
一、
004953
8|一|、|004953|8
001,04
R|001,04|R
kvark
001202
6|kvark|001202|6
kvarh
002170
6|kvarh|002170|6
مت
ZEIZZOOTZ|مت|ZEIZZOOTZ
With Funds ATE|With|Funds|ATE
AGE|AGE
23/12/2023|23/12/2023
11:38
نیم|11:38|نیم
میں
9828|میں|9828
006,16
6|006,16|6
004953
6|004953|6
What
میں|What|میں
001,04
2|001,04|2
kvarh
001202
B|kvarh|001202|B
kvarh
002170
6|kvarh|002170|6
210022132
میں|210022132|میں
-WWW Ivarh
AGE|-WWW|Ivarh|AGE
ARE|ARE
م
£Z0Z/Z1/2Z|م|£|Z0Z|/|Z1|/|2Z